{
  "name": "underscore.string",
  "version": "3.1.1",
  "description": "String manipulation extensions for Underscore.js javascript library.",
  "homepage": "http://epeli.github.com/underscore.string/",
  "contributors": [
    "Esa-Matti Suuronen <esa-matti@suuronen.org> (http://esa-matti.suuronen.org/)",
    "Edward Tsech <edtsech@gmail.com>",
    "Pavel Pravosud <pavel@pravosud.com> (<https://github.com/rwz>)",
    "Sasha Koss <kossnocorp@gmail.com> (http://koss.nocorp.me/)",
    "Vladimir Dronnikov <dronnikov@gmail.com>",
    "Pete Kruckenberg (<https://github.com/kruckenb>)",
    "Paul Chavard <paul@chavard.net> (<http://tchak.net>)",
    "Ed Finkler <coj@funkatron.com> (<http://funkatron.com>)"
  ],
  "keywords": [
    "underscore",
    "string"
  ],
  "main": "./dist/underscore.string.js",
  "ignore": [],
  "repository": {
    "type": "git",
    "url": "https://github.com/epeli/underscore.string.git"
  },
  "bugs": {
    "url": "https://github.com/epeli/underscore.string/issues"
  },
  "licenses": [
    {
      "type": "MIT"
    }
  ],
  "_release": "3.1.1",
  "_resolution": {
    "type": "version",
    "tag": "3.1.1",
    "commit": "ea91a4425a2ae2bb915c7e72c2b2b2dc464a63c4"
  },
  "_source": "git://github.com/epeli/underscore.string.git",
  "_target": "~3.1.1",
  "_originalSource": "underscore.string",
  "_direct": true
}