{
  "name": "crypto-js",
  "version": "3.1.5",
  "description": "JavaScript library of crypto standards.",
  "license": "MIT",
  "homepage": "http://github.com/brix/crypto-js",
  "repository": {
    "type": "git",
    "url": "http://github.com/brix/crypto-js.git"
  },
  "keywords": [
    "security",
    "crypto",
    "Hash",
    "MD5",
    "SHA1",
    "SHA-1",
    "SHA256",
    "SHA-256",
    "RC4",
    "Rabbit",
    "AES",
    "DES",
    "PBKDF2",
    "HMAC",
    "OFB",
    "CFB",
    "CTR",
    "CBC",
    "Base64"
  ],
  "main": "index.js",
  "dependencies": {},
  "ignore": [],
  "_release": "3.1.5",
  "_resolution": {
    "type": "version",
    "tag": "3.1.5",
    "commit": "9710bde9c73548cac712506e4b9f6125a4cf3f2c"
  },
  "_source": "git://github.com/brix/crypto-js.git",
  "_target": "~3.1.5",
  "_originalSource": "crypto-js",
  "_direct": true
}